OAU State,Official Language,IMF SDRs,Date of Independence,Head of Central Bank,Capital,IMF #Votes,Name of Currency,dbo:capital,dbo:language,dbo:currency,Labels candidate,Candidate url state,Label
Algeria,Arabic,914.4,lug-62,Abdelouahab Keramane,Algiers,9.394,Dinar,http://dbpedia.org/ontology/capital,http://dbpedia.org/ontology/language,http://dbpedia.org/ontology/currency,"['Hamri_(Algeria)', 'Hamri (Algeria)', 'hamri (algeria)', 'Hamri ( Algeria)', 'hamri_(algeria)', 'hamri ( algeria)']",http://dbpedia.org/resource/Hamri_(Algeria),0
Algeria,Arabic,915.4,ago-62,Abdelouahab Keramane,Algiers,9.395,Dinar,http://dbpedia.org/ontology/capital,http://dbpedia.org/ontology/language,http://dbpedia.org/ontology/currency,"['Algeria', 'algeria']",http://dbpedia.org/resource/Algeria,1
Algeria,Arabic,916.4,set-62,Abdelouahab Keramane,Algiers,9.396,Dinar,http://dbpedia.org/ontology/capital,http://dbpedia.org/ontology/language,http://dbpedia.org/ontology/currency,"['libert‚_(algeria)', 'Libert‚ (Algeria)', 'libert‚ (algeria)', 'Libert‚ ( Algeria)', 'Libert‚_(Algeria)', 'libert‚ ( algeria)']",http://dbpedia.org/resource/Libert‚_(Algeria),0
Algeria,Arabic,917.4,ott-62,Abdelouahab Keramane,Algiers,9.397,Dinar,http://dbpedia.org/ontology/capital,http://dbpedia.org/ontology/language,http://dbpedia.org/ontology/currency,"['Algeria-Serbia_relations', 'algeria-serbia relations', 'Algeria-Serbia relations', 'algeria- serbia relations', 'Algeria- Serbia relations', 'algeria-serbia_relations']",http://dbpedia.org/resource/Algeria-Serbia_relations,0
Algeria,Arabic,918.4,nov-62,Abdelouahab Keramane,Algiers,9.398,Dinar,http://dbpedia.org/ontology/capital,http://dbpedia.org/ontology/language,http://dbpedia.org/ontology/currency,"['algeria-kenya relations', 'algeria- kenya relations', 'Algeria-Kenya_relations', 'algeria-kenya_relations', 'Algeria- Kenya relations', 'Algeria-Kenya relations']",http://dbpedia.org/resource/Algeria-Kenya_relations,0
Algeria,Arabic,919.4,dic-62,Abdelouahab Keramane,Algiers,9.399,Dinar,http://dbpedia.org/ontology/capital,http://dbpedia.org/ontology/language,http://dbpedia.org/ontology/currency,"['algeria-ukraine_relations', 'Algeria-Ukraine relations', 'Algeria- Ukraine relations', 'Algeria-Ukraine_relations', 'algeria-ukraine relations', 'algeria- ukraine relations']",http://dbpedia.org/resource/Algeria-Ukraine_relations,0
Algeria,Arabic,920.4,gen-63,Abdelouahab Keramane,Algiers,9.400,Dinar,http://dbpedia.org/ontology/capital,http://dbpedia.org/ontology/language,http://dbpedia.org/ontology/currency,"['algeria-malaysia_relations', 'algeria- malaysia relations', 'Algeria-Malaysia relations', 'Algeria- Malaysia relations', 'algeria-malaysia relations', 'Algeria-Malaysia_relations']",http://dbpedia.org/resource/Algeria-Malaysia_relations,0
Algeria,Arabic,921.4,feb-63,Abdelouahab Keramane,Algiers,9.401,Dinar,http://dbpedia.org/ontology/capital,http://dbpedia.org/ontology/language,http://dbpedia.org/ontology/currency,"['algeria- japan relations', 'algeria-japan_relations', 'Algeria-Japan_relations', 'Algeria- Japan relations', 'algeria-japan relations', 'Algeria-Japan relations']",http://dbpedia.org/resource/Algeria-Japan_relations,0
Algeria,Arabic,922.4,mar-63,Abdelouahab Keramane,Algiers,9.402,Dinar,http://dbpedia.org/ontology/capital,http://dbpedia.org/ontology/language,http://dbpedia.org/ontology/currency,"['algeria-mexico relations', 'Algeria- Mexico relations', 'algeria-mexico_relations', 'Algeria-Mexico relations', 'Algeria-Mexico_relations', 'algeria- mexico relations']",http://dbpedia.org/resource/Algeria-Mexico_relations,0
Algeria,Arabic,923.4,apr-63,Abdelouahab Keramane,Algiers,9.403,Dinar,http://dbpedia.org/ontology/capital,http://dbpedia.org/ontology/language,http://dbpedia.org/ontology/currency,"['algeria-cyprus_relations', 'Algeria-Cyprus_relations', 'algeria-cyprus relations', 'Algeria-Cyprus relations', 'algeria- cyprus relations', 'Algeria- Cyprus relations']",http://dbpedia.org/resource/Algeria-Cyprus_relations,0
Angola,Portuguese,207.3,nov-75,Mario de Alcantara Monteiro,Luanda,2.323,New Kwanza,http://dbpedia.org/ontology/capital,http://dbpedia.org/ontology/language,http://dbpedia.org/ontology/currency,"['Angola, Delaware', 'angola, delaware', 'angola,_delaware', 'Angola,_Delaware']","http://dbpedia.org/resource/Angola,_Delaware",0
Angola,Portuguese,208.3,dic-75,Mario de Alcantara Monteiro,Luanda,2.324,New Kwanza,http://dbpedia.org/ontology/capital,http://dbpedia.org/ontology/language,http://dbpedia.org/ontology/currency,"['Angola', 'angola']",http://dbpedia.org/resource/Angola,1
Angola,Portuguese,209.3,gen-76,Mario de Alcantara Monteiro,Luanda,2.325,New Kwanza,http://dbpedia.org/ontology/capital,http://dbpedia.org/ontology/language,http://dbpedia.org/ontology/currency,"['Aeron utica_(Angola)', 'aeron utica (angola)', 'Aeron utica ( Angola)', 'aeron utica_(angola)', 'aeron utica ( angola)', 'Aeron utica (Angola)']",http://dbpedia.org/resource/Aeron utica_(Angola),0
Angola,Portuguese,210.3,feb-76,Mario de Alcantara Monteiro,Luanda,2.326,New Kwanza,http://dbpedia.org/ontology/capital,http://dbpedia.org/ontology/language,http://dbpedia.org/ontology/currency,"['angola,_virginia', 'Angola,_Virginia', 'Angola, Virginia', 'angola, virginia']","http://dbpedia.org/resource/Angola,_Virginia",0
Angola,Portuguese,211.3,mar-76,Mario de Alcantara Monteiro,Luanda,2.327,New Kwanza,http://dbpedia.org/ontology/capital,http://dbpedia.org/ontology/language,http://dbpedia.org/ontology/currency,"['angola-kenya relations', 'Angola-Kenya_relations', 'angola- kenya relations', 'angola-kenya_relations', 'Angola-Kenya relations', 'Angola- Kenya relations']",http://dbpedia.org/resource/Angola-Kenya_relations,0
Angola,Portuguese,212.3,apr-76,Mario de Alcantara Monteiro,Luanda,2.328,New Kwanza,http://dbpedia.org/ontology/capital,http://dbpedia.org/ontology/language,http://dbpedia.org/ontology/currency,"['angola-india relations', 'Angola- India relations', 'angola-india_relations', 'Angola-India relations', 'Angola-India_relations', 'angola- india relations']",http://dbpedia.org/resource/Angola-India_relations,0
Angola,Portuguese,213.3,mag-76,Mario de Alcantara Monteiro,Luanda,2.329,New Kwanza,http://dbpedia.org/ontology/capital,http://dbpedia.org/ontology/language,http://dbpedia.org/ontology/currency,"['Angola-Mexico relations', 'angola-mexico relations', 'angola- mexico relations', 'Angola-Mexico_relations', 'angola-mexico_relations', 'Angola- Mexico relations']",http://dbpedia.org/resource/Angola-Mexico_relations,0
Angola,Portuguese,214.3,giu-76,Mario de Alcantara Monteiro,Luanda,2.330,New Kwanza,http://dbpedia.org/ontology/capital,http://dbpedia.org/ontology/language,http://dbpedia.org/ontology/currency,"['Angola- Israel relations', 'angola-israel relations', 'angola-israel_relations', 'Angola-Israel relations', 'Angola-Israel_relations', 'angola- israel relations']",http://dbpedia.org/resource/Angola-Israel_relations,0
Angola,Portuguese,215.3,lug-76,Mario de Alcantara Monteiro,Luanda,2.331,New Kwanza,http://dbpedia.org/ontology/capital,http://dbpedia.org/ontology/language,http://dbpedia.org/ontology/currency,"['Angola-China relations', 'angola- china relations', 'Angola- China relations', 'angola-china_relations', 'angola-china relations', 'Angola-China_relations']",http://dbpedia.org/resource/Angola-China_relations,0
Angola,Portuguese,216.3,ago-76,Mario de Alcantara Monteiro,Luanda,2.332,New Kwanza,http://dbpedia.org/ontology/capital,http://dbpedia.org/ontology/language,http://dbpedia.org/ontology/currency,"['angola- serbia relations', 'Angola- Serbia relations', 'angola-serbia relations', 'Angola-Serbia relations', 'Angola-Serbia_relations', 'angola-serbia_relations']",http://dbpedia.org/resource/Angola-Serbia_relations,0
Benin,French,45.3,ago-60,Moise Mensah,Porto-Novo,703,CFA franc,http://dbpedia.org/ontology/capital,http://dbpedia.org/ontology/language,http://dbpedia.org/ontology/currency,"['Benin', 'benin']",http://dbpedia.org/resource/Benin,1
Benin,French,46.3,set-60,Moise Mensah,Porto-Novo,704,CFA franc,http://dbpedia.org/ontology/capital,http://dbpedia.org/ontology/language,http://dbpedia.org/ontology/currency,"['perma_(benin)', 'Perma (Benin)', 'perma ( benin)', 'Perma_(Benin)', 'Perma ( Benin)', 'perma (benin)']",http://dbpedia.org/resource/Perma_(Benin),0
Benin,French,47.3,ott-60,Moise Mensah,Porto-Novo,705,CFA franc,http://dbpedia.org/ontology/capital,http://dbpedia.org/ontology/language,http://dbpedia.org/ontology/currency,"['Saint- Benin', 'saint-benin', 'saint- benin', 'Saint-Benin']",http://dbpedia.org/resource/Saint-Benin,0
Benin,French,48.3,nov-60,Moise Mensah,Porto-Novo,706,CFA franc,http://dbpedia.org/ontology/capital,http://dbpedia.org/ontology/language,http://dbpedia.org/ontology/currency,"['Benin- Denmark relations', 'benin- denmark relations', 'benin-denmark_relations', 'Benin-Denmark_relations', 'Benin-Denmark relations', 'benin-denmark relations']",http://dbpedia.org/resource/Benin-Denmark_relations,0
Benin,French,49.3,dic-60,Moise Mensah,Porto-Novo,707,CFA franc,http://dbpedia.org/ontology/capital,http://dbpedia.org/ontology/language,http://dbpedia.org/ontology/currency,"['benin-kenya_relations', 'Benin- Kenya relations', 'Benin-Kenya relations', 'Benin-Kenya_relations', 'benin-kenya relations', 'benin- kenya relations']",http://dbpedia.org/resource/Benin-Kenya_relations,0
Benin,French,50.3,gen-61,Moise Mensah,Porto-Novo,708,CFA franc,http://dbpedia.org/ontology/capital,http://dbpedia.org/ontology/language,http://dbpedia.org/ontology/currency,"['Benin-Haiti relations', 'benin-haiti relations', 'Benin-Haiti_relations', 'benin- haiti relations', 'benin-haiti_relations', 'Benin- Haiti relations']",http://dbpedia.org/resource/Benin-Haiti_relations,0
Benin,French,51.3,feb-61,Moise Mensah,Porto-Novo,709,CFA franc,http://dbpedia.org/ontology/capital,http://dbpedia.org/ontology/language,http://dbpedia.org/ontology/currency,"['Benin- China relations', 'benin-china relations', 'benin-china_relations', 'benin- china relations', 'Benin-China relations', 'Benin-China_relations']",http://dbpedia.org/resource/Benin-China_relations,0
Benin,French,52.3,mar-61,Moise Mensah,Porto-Novo,710,CFA franc,http://dbpedia.org/ontology/capital,http://dbpedia.org/ontology/language,http://dbpedia.org/ontology/currency,"['benin-russia relations', 'Benin- Russia relations', 'benin- russia relations', 'Benin-Russia_relations', 'benin-russia_relations', 'Benin-Russia relations']",http://dbpedia.org/resource/Benin-Russia_relations,0
Benin,French,53.3,apr-61,Moise Mensah,Porto-Novo,711,CFA franc,http://dbpedia.org/ontology/capital,http://dbpedia.org/ontology/language,http://dbpedia.org/ontology/currency,"['benin-india relations', 'Benin- India relations', 'benin- india relations', 'Benin-India relations', 'benin-india_relations', 'Benin-India_relations']",http://dbpedia.org/resource/Benin-India_relations,0
Benin,French,54.3,mag-61,Moise Mensah,Porto-Novo,712,CFA franc,http://dbpedia.org/ontology/capital,http://dbpedia.org/ontology/language,http://dbpedia.org/ontology/currency,"['La Nation ( Benin)', 'La_Nation_(Benin)', 'La Nation (Benin)', 'la nation ( benin)', 'la nation (benin)', 'la_nation_(benin)']",http://dbpedia.org/resource/La_Nation_(Benin),0
Botswana,English,36.6,set-66,Balendzi Gaolathe,Gaborone,616,Pula,http://dbpedia.org/ontology/capital,http://dbpedia.org/ontology/language,http://dbpedia.org/ontology/currency,"['Botswana', 'botswana']",http://dbpedia.org/resource/Botswana,1
Botswana,English,37.6,ott-66,Balendzi Gaolathe,Gaborone,617,Pula,http://dbpedia.org/ontology/capital,http://dbpedia.org/ontology/language,http://dbpedia.org/ontology/currency,"['Pilane (Botswana)', 'Pilane_(Botswana)', 'pilane (botswana)', 'pilane_(botswana)', 'pilane ( botswana)', 'Pilane ( Botswana)']",http://dbpedia.org/resource/Pilane_(Botswana),0
Botswana,English,38.6,nov-66,Balendzi Gaolathe,Gaborone,618,Pula,http://dbpedia.org/ontology/capital,http://dbpedia.org/ontology/language,http://dbpedia.org/ontology/currency,"['Botswana-Kenya_relations', 'Botswana- Kenya relations', 'botswana-kenya relations', 'Botswana-Kenya relations', 'botswana-kenya_relations', 'botswana- kenya relations']",http://dbpedia.org/resource/Botswana-Kenya_relations,0
Botswana,English,39.6,dic-66,Balendzi Gaolathe,Gaborone,619,Pula,http://dbpedia.org/ontology/capital,http://dbpedia.org/ontology/language,http://dbpedia.org/ontology/currency,"['capital_bank_(botswana)', 'capital bank ( botswana)', 'Capital Bank ( Botswana)', 'Capital_Bank_(Botswana)', 'capital bank (botswana)', 'Capital Bank (Botswana)']",http://dbpedia.org/resource/Capital_Bank_(Botswana),0
Botswana,English,40.6,gen-67,Balendzi Gaolathe,Gaborone,620,Pula,http://dbpedia.org/ontology/capital,http://dbpedia.org/ontology/language,http://dbpedia.org/ontology/currency,"['botswana-china_relations', 'botswana-china relations', 'Botswana-China relations', 'Botswana-China_relations', 'Botswana- China relations', 'botswana- china relations']",http://dbpedia.org/resource/Botswana-China_relations,0
Botswana,English,41.6,feb-67,Balendzi Gaolathe,Gaborone,621,Pula,http://dbpedia.org/ontology/capital,http://dbpedia.org/ontology/language,http://dbpedia.org/ontology/currency,"['Botswana-Namibia relations', 'botswana- namibia relations', 'Botswana-Namibia_relations', 'botswana-namibia relations', 'botswana-namibia_relations', 'Botswana- Namibia relations']",http://dbpedia.org/resource/Botswana-Namibia_relations,0
Botswana,English,42.6,mar-67,Balendzi Gaolathe,Gaborone,622,Pula,http://dbpedia.org/ontology/capital,http://dbpedia.org/ontology/language,http://dbpedia.org/ontology/currency,"['botswana-russia relations', 'Botswana-Russia relations', 'Botswana- Russia relations', 'botswana- russia relations', 'botswana-russia_relations', 'Botswana-Russia_relations']",http://dbpedia.org/resource/Botswana-Russia_relations,0
Botswana,English,43.6,apr-67,Balendzi Gaolathe,Gaborone,623,Pula,http://dbpedia.org/ontology/capital,http://dbpedia.org/ontology/language,http://dbpedia.org/ontology/currency,"['Independence Day ( Botswana)', 'independence day (botswana)', 'Independence_Day_(Botswana)', 'Independence Day (Botswana)', 'independence day ( botswana)', 'independence_day_(botswana)']",http://dbpedia.org/resource/Independence_Day_(Botswana),0
Botswana,English,44.6,mag-67,Balendzi Gaolathe,Gaborone,624,Pula,http://dbpedia.org/ontology/capital,http://dbpedia.org/ontology/language,http://dbpedia.org/ontology/currency,"['Consumer Watchdog (Botswana)', 'Consumer_Watchdog_(Botswana)', 'consumer_watchdog_(botswana)', 'consumer watchdog (botswana)', 'Consumer Watchdog ( Botswana)', 'consumer watchdog ( botswana)']",http://dbpedia.org/resource/Consumer_Watchdog_(Botswana),0
Botswana,English,45.6,giu-67,Balendzi Gaolathe,Gaborone,625,Pula,http://dbpedia.org/ontology/capital,http://dbpedia.org/ontology/language,http://dbpedia.org/ontology/currency,"['southern district (botswana)', 'southern district ( botswana)', 'Southern District ( Botswana)', 'southern_district_(botswana)', 'Southern_District_(Botswana)', 'Southern District (Botswana)']",http://dbpedia.org/resource/Southern_District_(Botswana),0
Burkina Faso,French,44.2,ago-60,Tertius Zongo,Ouagadougou,696,CFA franc,http://dbpedia.org/ontology/capital,http://dbpedia.org/ontology/language,http://dbpedia.org/ontology/currency,"['burkina_faso', 'Burkina_Faso', 'Burkina Faso', 'burkina faso']",http://dbpedia.org/resource/Burkina_Faso,1
Burkina Faso,French,45.2,set-60,Tertius Zongo,Ouagadougou,697,CFA franc,http://dbpedia.org/ontology/capital,http://dbpedia.org/ontology/language,http://dbpedia.org/ontology/currency,"['Burkina_Faso-Canada_relations', 'burkina_faso-canada_relations', 'Burkina Faso- Canada relations', 'burkina faso- canada relations', 'Burkina Faso-Canada relations', 'burkina faso-canada relations']",http://dbpedia.org/resource/Burkina_Faso-Canada_relations,0
Burkina Faso,French,46.2,ott-60,Tertius Zongo,Ouagadougou,698,CFA franc,http://dbpedia.org/ontology/capital,http://dbpedia.org/ontology/language,http://dbpedia.org/ontology/currency,"['Burkina Faso-Denmark relations', 'burkina faso- denmark relations', 'burkina_faso-denmark_relations', 'Burkina Faso- Denmark relations', 'burkina faso-denmark relations', 'Burkina_Faso-Denmark_relations']",http://dbpedia.org/resource/Burkina_Faso-Denmark_relations,0
Burkina Faso,French,47.2,nov-60,Tertius Zongo,Ouagadougou,699,CFA franc,http://dbpedia.org/ontology/capital,http://dbpedia.org/ontology/language,http://dbpedia.org/ontology/currency,"['Burkina_Faso-Libya_relations', 'burkina_faso-libya_relations', 'Burkina Faso-Libya relations', 'burkina faso- libya relations', 'Burkina Faso- Libya relations', 'burkina faso-libya relations']",http://dbpedia.org/resource/Burkina_Faso-Libya_relations,0
Burkina Faso,French,48.2,dic-60,Tertius Zongo,Ouagadougou,700,CFA franc,http://dbpedia.org/ontology/capital,http://dbpedia.org/ontology/language,http://dbpedia.org/ontology/currency,"['Burkina Faso-Russia relations', 'burkina_faso-russia_relations', 'Burkina Faso- Russia relations', 'burkina faso- russia relations', 'burkina faso-russia relations', 'Burkina_Faso-Russia_relations']",http://dbpedia.org/resource/Burkina_Faso-Russia_relations,0
Burkina Faso,French,49.2,gen-61,Tertius Zongo,Ouagadougou,701,CFA franc,http://dbpedia.org/ontology/capital,http://dbpedia.org/ontology/language,http://dbpedia.org/ontology/currency,"['National Gendarmerie (Burkina Faso)', 'National_Gendarmerie_(Burkina_Faso)', 'national gendarmerie ( burkina faso)', 'national_gendarmerie_(burkina_faso)', 'national gendarmerie (burkina faso)', 'National Gendarmerie ( Burkina Faso)']",http://dbpedia.org/resource/National_Gendarmerie_(Burkina_Faso),0
Burkina Faso,French,50.2,feb-61,Tertius Zongo,Ouagadougou,702,CFA franc,http://dbpedia.org/ontology/capital,http://dbpedia.org/ontology/language,http://dbpedia.org/ontology/currency,"['burkina faso-sweden relations', 'Burkina_Faso-Sweden_relations', 'Burkina Faso- Sweden relations', 'burkina_faso-sweden_relations', 'Burkina Faso-Sweden relations', 'burkina faso- sweden relations']",http://dbpedia.org/resource/Burkina_Faso-Sweden_relations,0
Burkina Faso,French,51.2,mar-61,Tertius Zongo,Ouagadougou,703,CFA franc,http://dbpedia.org/ontology/capital,http://dbpedia.org/ontology/language,http://dbpedia.org/ontology/currency,"['Burkina Faso- Palestine relations', 'Burkina_Faso-Palestine_relations', 'burkina faso-palestine relations', 'burkina_faso-palestine_relations', 'burkina faso- palestine relations', 'Burkina Faso-Palestine relations']",http://dbpedia.org/resource/Burkina_Faso-Palestine_relations,0
Burkina Faso,French,52.2,apr-61,Tertius Zongo,Ouagadougou,704,CFA franc,http://dbpedia.org/ontology/capital,http://dbpedia.org/ontology/language,http://dbpedia.org/ontology/currency,"['Le Pays ( Burkina Faso)', 'Le_Pays_(Burkina_Faso)', 'le_pays_(burkina_faso)', 'Le Pays (Burkina Faso)', 'le pays (burkina faso)', 'le pays ( burkina faso)']",http://dbpedia.org/resource/Le_Pays_(Burkina_Faso),0
Burkina Faso,French,53.2,mag-61,Tertius Zongo,Ouagadougou,705,CFA franc,http://dbpedia.org/ontology/capital,http://dbpedia.org/ontology/language,http://dbpedia.org/ontology/currency,"['ranga,_burkina_faso', 'Ranga, Burkina Faso', 'Ranga,_Burkina_Faso', 'ranga, burkina faso']","http://dbpedia.org/resource/Ranga,_Burkina_Faso",0
Burkina Faso,French,54.2,giu-61,Tertius Zongo,Ouagadougou,706,CFA franc,http://dbpedia.org/ontology/capital,http://dbpedia.org/ontology/language,http://dbpedia.org/ontology/currency,"['samo language ( burkina)', 'Samo language (Burkina)', 'Samo language ( Burkina)', 'Samo_language_(Burkina)', 'samo language (burkina)', 'samo_language_(burkina)']",http://dbpedia.org/resource/Samo_language_(Burkina),0
Burkina Faso,French,55.2,lug-61,Tertius Zongo,Ouagadougou,707,CFA franc,http://dbpedia.org/ontology/capital,http://dbpedia.org/ontology/language,http://dbpedia.org/ontology/currency,"['burkina_airlines', 'Burkina Airlines', 'Burkina_Airlines', 'burkina airlines']",http://dbpedia.org/resource/Burkina_Airlines,0
Burkina Faso,French,56.2,ago-61,Tertius Zongo,Ouagadougou,708,CFA franc,http://dbpedia.org/ontology/capital,http://dbpedia.org/ontology/language,http://dbpedia.org/ontology/currency,"['burkina_24', 'Burkina 24', 'Burkina_24', 'burkina 24']",http://dbpedia.org/resource/Burkina_24,0
Burkina Faso,French,57.2,set-61,Tertius Zongo,Ouagadougou,709,CFA franc,http://dbpedia.org/ontology/capital,http://dbpedia.org/ontology/language,http://dbpedia.org/ontology/currency,"['burkina_faso', 'Burkina_Faso', 'Burkina Faso', 'burkina faso']",http://dbpedia.org/resource/Burkina_Faso,0
Burkina Faso,French,58.2,ott-61,Tertius Zongo,Ouagadougou,710,CFA franc,http://dbpedia.org/ontology/capital,http://dbpedia.org/ontology/language,http://dbpedia.org/ontology/currency,"['air burkina', 'Air_Burkina', 'air_burkina', 'Air Burkina']",http://dbpedia.org/resource/Air_Burkina,0
Burkina Faso,French,59.2,nov-61,Tertius Zongo,Ouagadougou,711,CFA franc,http://dbpedia.org/ontology/capital,http://dbpedia.org/ontology/language,http://dbpedia.org/ontology/currency,"['burkina electric', 'Burkina Electric', 'burkina_electric', 'Burkina_Electric']",http://dbpedia.org/resource/Burkina_Electric,0
Burkina Faso,French,60.2,dic-61,Tertius Zongo,Ouagadougou,712,CFA franc,http://dbpedia.org/ontology/capital,http://dbpedia.org/ontology/language,http://dbpedia.org/ontology/currency,"['greens_of_burkina', 'greens of burkina', 'Greens_of_Burkina', 'Greens of Burkina']",http://dbpedia.org/resource/Greens_of_Burkina,0
Burkina Faso,French,61.2,gen-62,Tertius Zongo,Ouagadougou,713,CFA franc,http://dbpedia.org/ontology/capital,http://dbpedia.org/ontology/language,http://dbpedia.org/ontology/currency,"['burkina sign language', 'Burkina Sign Language', 'Burkina_Sign_Language', 'burkina_sign_language']",http://dbpedia.org/resource/Burkina_Sign_Language,0
Burkina Faso,French,62.2,feb-62,Tertius Zongo,Ouagadougou,714,CFA franc,http://dbpedia.org/ontology/capital,http://dbpedia.org/ontology/language,http://dbpedia.org/ontology/currency,"['Burkina_Faso-Canada_relations', 'burkina_faso-canada_relations', 'Burkina Faso- Canada relations', 'burkina faso- canada relations', 'Burkina Faso-Canada relations', 'burkina faso-canada relations']",http://dbpedia.org/resource/Burkina_Faso-Canada_relations,0
Burkina Faso,French,63.2,mar-62,Tertius Zongo,Ouagadougou,715,CFA franc,http://dbpedia.org/ontology/capital,http://dbpedia.org/ontology/language,http://dbpedia.org/ontology/currency,"['Burkina Faso-Denmark relations', 'burkina faso- denmark relations', 'burkina_faso-denmark_relations', 'Burkina Faso- Denmark relations', 'burkina faso-denmark relations', 'Burkina_Faso-Denmark_relations']",http://dbpedia.org/resource/Burkina_Faso-Denmark_relations,0
Burundi,Rundi,57.2,lug-62,Mathias Sinamenye,Bujumbura,822,Brundi franc,http://dbpedia.org/ontology/capital,http://dbpedia.org/ontology/language,http://dbpedia.org/ontology/currency,"['Burundi', 'burundi']",http://dbpedia.org/resource/Burundi,1
Burundi,Rundi,58.2,ago-62,Mathias Sinamenye,Bujumbura,823,Brundi franc,http://dbpedia.org/ontology/capital,http://dbpedia.org/ontology/language,http://dbpedia.org/ontology/currency,"['burundi-tanzania_relations', 'burundi- tanzania relations', 'burundi-tanzania relations', 'Burundi-Tanzania_relations', 'Burundi- Tanzania relations', 'Burundi-Tanzania relations']",http://dbpedia.org/resource/Burundi-Tanzania_relations,0
Burundi,Rundi,59.2,set-62,Mathias Sinamenye,Bujumbura,824,Brundi franc,http://dbpedia.org/ontology/capital,http://dbpedia.org/ontology/language,http://dbpedia.org/ontology/currency,"['burundi-china relations', 'Burundi- China relations', 'Burundi-China_relations', 'Burundi-China relations', 'burundi-china_relations', 'burundi- china relations']",http://dbpedia.org/resource/Burundi-China_relations,0
Burundi,Rundi,60.2,ott-62,Mathias Sinamenye,Bujumbura,825,Brundi franc,http://dbpedia.org/ontology/capital,http://dbpedia.org/ontology/language,http://dbpedia.org/ontology/currency,"['burundi- kenya relations', 'Burundi-Kenya_relations', 'burundi-kenya_relations', 'Burundi-Kenya relations', 'Burundi- Kenya relations', 'burundi-kenya relations']",http://dbpedia.org/resource/Burundi-Kenya_relations,0
Burundi,Rundi,61.2,nov-62,Mathias Sinamenye,Bujumbura,826,Brundi franc,http://dbpedia.org/ontology/capital,http://dbpedia.org/ontology/language,http://dbpedia.org/ontology/currency,"['senate_(burundi)', 'Senate ( Burundi)', 'senate (burundi)', 'Senate (Burundi)', 'Senate_(Burundi)', 'senate ( burundi)']",http://dbpedia.org/resource/Senate_(Burundi),0
Burundi,Rundi,62.2,dic-62,Mathias Sinamenye,Bujumbura,827,Brundi franc,http://dbpedia.org/ontology/capital,http://dbpedia.org/ontology/language,http://dbpedia.org/ontology/currency,"['liberal_party_(burundi)', 'Liberal Party (Burundi)', 'Liberal Party ( Burundi)', 'liberal party (burundi)', 'Liberal_Party_(Burundi)', 'liberal party ( burundi)']",http://dbpedia.org/resource/Liberal_Party_(Burundi),0
Burundi,Rundi,63.2,gen-63,Mathias Sinamenye,Bujumbura,828,Brundi franc,http://dbpedia.org/ontology/capital,http://dbpedia.org/ontology/language,http://dbpedia.org/ontology/currency,"[""people's_party_(burundi)"", ""People's Party (Burundi)"", ""People's Party ( Burundi)"", ""people's party (burundi)"", ""People's_Party_(Burundi)"", ""people's party ( burundi)""]",http://dbpedia.org/resource/People's_Party_(Burundi),0
Burundi,Rundi,64.2,feb-63,Mathias Sinamenye,Bujumbura,829,Brundi franc,http://dbpedia.org/ontology/capital,http://dbpedia.org/ontology/language,http://dbpedia.org/ontology/currency,"['titi,_burundi', 'Titi,_Burundi', 'Titi, Burundi', 'titi, burundi']","http://dbpedia.org/resource/Titi,_Burundi",0
Burundi,Rundi,65.2,mar-63,Mathias Sinamenye,Bujumbura,830,Brundi franc,http://dbpedia.org/ontology/capital,http://dbpedia.org/ontology/language,http://dbpedia.org/ontology/currency,"[""King's School (Burundi)"", ""king's school ( burundi)"", ""King's_School_(Burundi)"", ""king's_school_(burundi)"", ""king's school (burundi)"", ""King's School ( Burundi)""]",http://dbpedia.org/resource/King's_School_(Burundi),0
Burundi,Rundi,66.2,apr-63,Mathias Sinamenye,Bujumbura,831,Brundi franc,http://dbpedia.org/ontology/capital,http://dbpedia.org/ontology/language,http://dbpedia.org/ontology/currency,"['Ruhwa,_Burundi', 'ruhwa, burundi', 'ruhwa,_burundi', 'Ruhwa, Burundi']","http://dbpedia.org/resource/Ruhwa,_Burundi",0
Burundi,French,57.2,lug-62,Mathias Sinamenye,Bujumbura,822,Brundi franc,http://dbpedia.org/ontology/capital,http://dbpedia.org/ontology/language,http://dbpedia.org/ontology/currency,"['Burundi', 'burundi']",http://dbpedia.org/resource/Burundi,1
Burundi,French,58.2,ago-62,Mathias Sinamenye,Bujumbura,823,Brundi franc,http://dbpedia.org/ontology/capital,http://dbpedia.org/ontology/language,http://dbpedia.org/ontology/currency,"['burundi-tanzania_relations', 'burundi- tanzania relations', 'burundi-tanzania relations', 'Burundi-Tanzania_relations', 'Burundi- Tanzania relations', 'Burundi-Tanzania relations']",http://dbpedia.org/resource/Burundi-Tanzania_relations,0
Burundi,French,59.2,set-62,Mathias Sinamenye,Bujumbura,824,Brundi franc,http://dbpedia.org/ontology/capital,http://dbpedia.org/ontology/language,http://dbpedia.org/ontology/currency,"['burundi-china relations', 'Burundi- China relations', 'Burundi-China_relations', 'Burundi-China relations', 'burundi-china_relations', 'burundi- china relations']",http://dbpedia.org/resource/Burundi-China_relations,0
Burundi,French,60.2,ott-62,Mathias Sinamenye,Bujumbura,825,Brundi franc,http://dbpedia.org/ontology/capital,http://dbpedia.org/ontology/language,http://dbpedia.org/ontology/currency,"['burundi- kenya relations', 'Burundi-Kenya_relations', 'burundi-kenya_relations', 'Burundi-Kenya relations', 'Burundi- Kenya relations', 'burundi-kenya relations']",http://dbpedia.org/resource/Burundi-Kenya_relations,0
Burundi,French,61.2,nov-62,Mathias Sinamenye,Bujumbura,826,Brundi franc,http://dbpedia.org/ontology/capital,http://dbpedia.org/ontology/language,http://dbpedia.org/ontology/currency,"['senate_(burundi)', 'Senate ( Burundi)', 'senate (burundi)', 'Senate (Burundi)', 'Senate_(Burundi)', 'senate ( burundi)']",http://dbpedia.org/resource/Senate_(Burundi),0
Burundi,French,62.2,dic-62,Mathias Sinamenye,Bujumbura,827,Brundi franc,http://dbpedia.org/ontology/capital,http://dbpedia.org/ontology/language,http://dbpedia.org/ontology/currency,"['liberal_party_(burundi)', 'Liberal Party (Burundi)', 'Liberal Party ( Burundi)', 'liberal party (burundi)', 'Liberal_Party_(Burundi)', 'liberal party ( burundi)']",http://dbpedia.org/resource/Liberal_Party_(Burundi),0
Burundi,French,63.2,gen-63,Mathias Sinamenye,Bujumbura,828,Brundi franc,http://dbpedia.org/ontology/capital,http://dbpedia.org/ontology/language,http://dbpedia.org/ontology/currency,"[""people's_party_(burundi)"", ""People's Party (Burundi)"", ""People's Party ( Burundi)"", ""people's party (burundi)"", ""People's_Party_(Burundi)"", ""people's party ( burundi)""]",http://dbpedia.org/resource/People's_Party_(Burundi),0
Burundi,French,64.2,feb-63,Mathias Sinamenye,Bujumbura,829,Brundi franc,http://dbpedia.org/ontology/capital,http://dbpedia.org/ontology/language,http://dbpedia.org/ontology/currency,"['titi,_burundi', 'Titi,_Burundi', 'Titi, Burundi', 'titi, burundi']","http://dbpedia.org/resource/Titi,_Burundi",0
Burundi,French,65.2,mar-63,Mathias Sinamenye,Bujumbura,830,Brundi franc,http://dbpedia.org/ontology/capital,http://dbpedia.org/ontology/language,http://dbpedia.org/ontology/currency,"[""King's School (Burundi)"", ""king's school ( burundi)"", ""King's_School_(Burundi)"", ""king's_school_(burundi)"", ""king's school (burundi)"", ""King's School ( Burundi)""]",http://dbpedia.org/resource/King's_School_(Burundi),0
Burundi,French,66.2,apr-63,Mathias Sinamenye,Bujumbura,831,Brundi franc,http://dbpedia.org/ontology/capital,http://dbpedia.org/ontology/language,http://dbpedia.org/ontology/currency,"['Ruhwa,_Burundi', 'ruhwa, burundi', 'ruhwa,_burundi', 'Ruhwa, Burundi']","http://dbpedia.org/resource/Ruhwa,_Burundi",0
Cameroon,French,135.1,gen-60,Edouard Akame Mfoumou,Yaounde,1'601,CFA franc,http://dbpedia.org/ontology/capital,http://dbpedia.org/ontology/language,http://dbpedia.org/ontology/currency,"['senate (cameroon)', 'Senate ( Cameroon)', 'Senate (Cameroon)', 'senate ( cameroon)', 'senate_(cameroon)', 'Senate_(Cameroon)']",http://dbpedia.org/resource/Senate_(Cameroon),0
Cameroon,French,136.1,feb-60,Edouard Akame Mfoumou,Yaounde,1'602,CFA franc,http://dbpedia.org/ontology/capital,http://dbpedia.org/ontology/language,http://dbpedia.org/ontology/currency,"['Cameroon', 'cameroon']",http://dbpedia.org/resource/Cameroon,1
Cameroon,French,137.1,mar-60,Edouard Akame Mfoumou,Yaounde,1'603,CFA franc,http://dbpedia.org/ontology/capital,http://dbpedia.org/ontology/language,http://dbpedia.org/ontology/currency,"['Cameroon-Russia_relations', 'Cameroon- Russia relations', 'cameroon-russia relations', 'Cameroon-Russia relations', 'cameroon- russia relations', 'cameroon-russia_relations']",http://dbpedia.org/resource/Cameroon-Russia_relations,0
Cameroon,French,138.1,apr-60,Edouard Akame Mfoumou,Yaounde,1'604,CFA franc,http://dbpedia.org/ontology/capital,http://dbpedia.org/ontology/language,http://dbpedia.org/ontology/currency,"['cameroon- china relations', 'Cameroon- China relations', 'Cameroon-China_relations', 'cameroon-china relations', 'cameroon-china_relations', 'Cameroon-China relations']",http://dbpedia.org/resource/Cameroon-China_relations,0
Cameroon,French,139.1,mag-60,Edouard Akame Mfoumou,Yaounde,1'605,CFA franc,http://dbpedia.org/ontology/capital,http://dbpedia.org/ontology/language,http://dbpedia.org/ontology/currency,"['Cameroon-Israel_relations', 'cameroon- israel relations', 'cameroon-israel_relations', 'cameroon-israel relations', 'Cameroon- Israel relations', 'Cameroon-Israel relations']",http://dbpedia.org/resource/Cameroon-Israel_relations,0
Cameroon,French,140.1,giu-60,Edouard Akame Mfoumou,Yaounde,1'606,CFA franc,http://dbpedia.org/ontology/capital,http://dbpedia.org/ontology/language,http://dbpedia.org/ontology/currency,"['bati language (cameroon)', 'Bati_language_(Cameroon)', 'Bati language (Cameroon)', 'Bati language ( Cameroon)', 'bati language ( cameroon)', 'bati_language_(cameroon)']",http://dbpedia.org/resource/Bati_language_(Cameroon),0
Cameroon,French,141.1,lug-60,Edouard Akame Mfoumou,Yaounde,1'607,CFA franc,http://dbpedia.org/ontology/capital,http://dbpedia.org/ontology/language,http://dbpedia.org/ontology/currency,"['kung_language_(cameroon)', 'kung language ( cameroon)', 'Kung language ( Cameroon)', 'kung language (cameroon)', 'Kung_language_(Cameroon)', 'Kung language (Cameroon)']",http://dbpedia.org/resource/Kung_language_(Cameroon),0
Cameroon,French,142.1,ago-60,Edouard Akame Mfoumou,Yaounde,1'608,CFA franc,http://dbpedia.org/ontology/capital,http://dbpedia.org/ontology/language,http://dbpedia.org/ontology/currency,"['Chah (Cameroon)', 'Chah_(Cameroon)', 'Chah ( Cameroon)', 'chah (cameroon)', 'chah ( cameroon)', 'chah_(cameroon)']",http://dbpedia.org/resource/Chah_(Cameroon),0
Cameroon,French,143.1,set-60,Edouard Akame Mfoumou,Yaounde,1'609,CFA franc,http://dbpedia.org/ontology/capital,http://dbpedia.org/ontology/language,http://dbpedia.org/ontology/currency,"['cameroon-nigeria relations', 'Cameroon- Nigeria relations', 'cameroon-nigeria_relations', 'cameroon- nigeria relations', 'Cameroon-Nigeria relations', 'Cameroon-Nigeria_relations']",http://dbpedia.org/resource/Cameroon-Nigeria_relations,0
Cameroon,French,144.1,ott-60,Edouard Akame Mfoumou,Yaounde,1'610,CFA franc,http://dbpedia.org/ontology/capital,http://dbpedia.org/ontology/language,http://dbpedia.org/ontology/currency,"['southwest region ( cameroon)', 'Southwest Region ( Cameroon)', 'Southwest Region (Cameroon)', 'southwest_region_(cameroon)', 'Southwest_Region_(Cameroon)', 'southwest region (cameroon)']",http://dbpedia.org/resource/Southwest_Region_(Cameroon),0
Cameroon,Eng.,135.1,gen-60,Edouard Akame Mfoumou,Yaounde,1'601,CFA franc,http://dbpedia.org/ontology/capital,http://dbpedia.org/ontology/language,http://dbpedia.org/ontology/currency,"['senate (cameroon)', 'Senate ( Cameroon)', 'Senate (Cameroon)', 'senate ( cameroon)', 'senate_(cameroon)', 'Senate_(Cameroon)']",http://dbpedia.org/resource/Senate_(Cameroon),0
Cameroon,Eng.,136.1,feb-60,Edouard Akame Mfoumou,Yaounde,1'602,CFA franc,http://dbpedia.org/ontology/capital,http://dbpedia.org/ontology/language,http://dbpedia.org/ontology/currency,"['Cameroon', 'cameroon']",http://dbpedia.org/resource/Cameroon,1
Cameroon,Eng.,137.1,mar-60,Edouard Akame Mfoumou,Yaounde,1'603,CFA franc,http://dbpedia.org/ontology/capital,http://dbpedia.org/ontology/language,http://dbpedia.org/ontology/currency,"['Cameroon-Russia_relations', 'Cameroon- Russia relations', 'cameroon-russia relations', 'Cameroon-Russia relations', 'cameroon- russia relations', 'cameroon-russia_relations']",http://dbpedia.org/resource/Cameroon-Russia_relations,0
Cameroon,Eng.,138.1,apr-60,Edouard Akame Mfoumou,Yaounde,1'604,CFA franc,http://dbpedia.org/ontology/capital,http://dbpedia.org/ontology/language,http://dbpedia.org/ontology/currency,"['cameroon- china relations', 'Cameroon- China relations', 'Cameroon-China_relations', 'cameroon-china relations', 'cameroon-china_relations', 'Cameroon-China relations']",http://dbpedia.org/resource/Cameroon-China_relations,0
Cameroon,Eng.,139.1,mag-60,Edouard Akame Mfoumou,Yaounde,1'605,CFA franc,http://dbpedia.org/ontology/capital,http://dbpedia.org/ontology/language,http://dbpedia.org/ontology/currency,"['Cameroon-Israel_relations', 'cameroon- israel relations', 'cameroon-israel_relations', 'cameroon-israel relations', 'Cameroon- Israel relations', 'Cameroon-Israel relations']",http://dbpedia.org/resource/Cameroon-Israel_relations,0
Cameroon,Eng.,140.1,giu-60,Edouard Akame Mfoumou,Yaounde,1'606,CFA franc,http://dbpedia.org/ontology/capital,http://dbpedia.org/ontology/language,http://dbpedia.org/ontology/currency,"['bati language (cameroon)', 'Bati_language_(Cameroon)', 'Bati language (Cameroon)', 'Bati language ( Cameroon)', 'bati language ( cameroon)', 'bati_language_(cameroon)']",http://dbpedia.org/resource/Bati_language_(Cameroon),0
Cameroon,Eng.,141.1,lug-60,Edouard Akame Mfoumou,Yaounde,1'607,CFA franc,http://dbpedia.org/ontology/capital,http://dbpedia.org/ontology/language,http://dbpedia.org/ontology/currency,"['kung_language_(cameroon)', 'kung language ( cameroon)', 'Kung language ( Cameroon)', 'kung language (cameroon)', 'Kung_language_(Cameroon)', 'Kung language (Cameroon)']",http://dbpedia.org/resource/Kung_language_(Cameroon),0
Cameroon,Eng.,142.1,ago-60,Edouard Akame Mfoumou,Yaounde,1'608,CFA franc,http://dbpedia.org/ontology/capital,http://dbpedia.org/ontology/language,http://dbpedia.org/ontology/currency,"['Chah (Cameroon)', 'Chah_(Cameroon)', 'Chah ( Cameroon)', 'chah (cameroon)', 'chah ( cameroon)', 'chah_(cameroon)']",http://dbpedia.org/resource/Chah_(Cameroon),0
Cameroon,Eng.,143.1,set-60,Edouard Akame Mfoumou,Yaounde,1'609,CFA franc,http://dbpedia.org/ontology/capital,http://dbpedia.org/ontology/language,http://dbpedia.org/ontology/currency,"['cameroon-nigeria relations', 'Cameroon- Nigeria relations', 'cameroon-nigeria_relations', 'cameroon- nigeria relations', 'Cameroon-Nigeria relations', 'Cameroon-Nigeria_relations']",http://dbpedia.org/resource/Cameroon-Nigeria_relations,0
Cameroon,Eng.,144.1,ott-60,Edouard Akame Mfoumou,Yaounde,1'610,CFA franc,http://dbpedia.org/ontology/capital,http://dbpedia.org/ontology/language,http://dbpedia.org/ontology/currency,"['southwest region ( cameroon)', 'Southwest Region ( Cameroon)', 'Southwest Region (Cameroon)', 'southwest_region_(cameroon)', 'Southwest_Region_(Cameroon)', 'southwest region (cameroon)']",http://dbpedia.org/resource/Southwest_Region_(Cameroon),0
Cape Verde,Portuguese,7,lug-75,Antonio Gualberto do Rosario,Praia,320,Escudo,http://dbpedia.org/ontology/capital,http://dbpedia.org/ontology/language,http://dbpedia.org/ontology/currency,"['Cape Verde', 'cape_verde', 'cape verde', 'Cape_Verde']",http://dbpedia.org/resource/Cape_Verde,1
Cape Verde,Portuguese,8,ago-75,Antonio Gualberto do Rosario,Praia,321,Escudo,http://dbpedia.org/ontology/capital,http://dbpedia.org/ontology/language,http://dbpedia.org/ontology/currency,"['Cape_Verde_(Mars)', 'cape_verde_(mars)', 'Cape Verde ( Mars)', 'Cape Verde (Mars)', 'cape verde ( mars)', 'cape verde (mars)']",http://dbpedia.org/resource/Cape_Verde_(Mars),0
Cape Verde,Portuguese,9,set-75,Antonio Gualberto do Rosario,Praia,322,Escudo,http://dbpedia.org/ontology/capital,http://dbpedia.org/ontology/language,http://dbpedia.org/ontology/currency,"['ponta verde, cape verde', 'Ponta Verde, Cape Verde', 'Ponta_Verde,_Cape_Verde', 'ponta_verde,_cape_verde']","http://dbpedia.org/resource/Ponta_Verde,_Cape_Verde",0
Cape Verde,Portuguese,10,ott-75,Antonio Gualberto do Rosario,Praia,323,Escudo,http://dbpedia.org/ontology/capital,http://dbpedia.org/ontology/language,http://dbpedia.org/ontology/currency,"['Cape Verde-China relations', 'Cape Verde- China relations', 'cape_verde-china_relations', 'cape verde-china relations', 'cape verde- china relations', 'Cape_Verde-China_relations']",http://dbpedia.org/resource/Cape_Verde-China_relations,0
Cape Verde,Portuguese,11,nov-75,Antonio Gualberto do Rosario,Praia,324,Escudo,http://dbpedia.org/ontology/capital,http://dbpedia.org/ontology/language,http://dbpedia.org/ontology/currency,"['rtc ( cape verde)', 'rtc_(cape_verde)', 'rtc (cape verde)', 'RTC (Cape Verde)', 'RTC ( Cape Verde)', 'RTC_(Cape_Verde)']",http://dbpedia.org/resource/RTC_(Cape_Verde),0
Cape Verde,Portuguese,12,dic-75,Antonio Gualberto do Rosario,Praia,325,Escudo,http://dbpedia.org/ontology/capital,http://dbpedia.org/ontology/language,http://dbpedia.org/ontology/currency,"['Andorinha ( Cape Verde)', 'Andorinha (Cape Verde)', 'andorinha (cape verde)', 'andorinha ( cape verde)', 'andorinha_(cape_verde)', 'Andorinha_(Cape_Verde)']",http://dbpedia.org/resource/Andorinha_(Cape_Verde),0
Cape Verde,Portuguese,13,gen-76,Antonio Gualberto do Rosario,Praia,326,Escudo,http://dbpedia.org/ontology/capital,http://dbpedia.org/ontology/language,http://dbpedia.org/ontology/currency,"['National Assembly ( Cape Verde)', 'National Assembly (Cape Verde)', 'national_assembly_(cape_verde)', 'national assembly (cape verde)', 'National_Assembly_(Cape_Verde)', 'national assembly ( cape verde)']",http://dbpedia.org/resource/National_Assembly_(Cape_Verde),0
Cape Verde,Portuguese,14,feb-76,Antonio Gualberto do Rosario,Praia,327,Escudo,http://dbpedia.org/ontology/capital,http://dbpedia.org/ontology/language,http://dbpedia.org/ontology/currency,"['Monte Verde, Cape Verde', 'monte_verde,_cape_verde', 'Monte_Verde,_Cape_Verde', 'monte verde, cape verde']","http://dbpedia.org/resource/Monte_Verde,_Cape_Verde",0
Cape Verde,Portuguese,15,mar-76,Antonio Gualberto do Rosario,Praia,328,Escudo,http://dbpedia.org/ontology/capital,http://dbpedia.org/ontology/language,http://dbpedia.org/ontology/currency,"['Maio,_Cape_Verde', 'maio, cape verde', 'maio,_cape_verde', 'Maio, Cape Verde']","http://dbpedia.org/resource/Maio,_Cape_Verde",0
Cape Verde,Portuguese,16,apr-76,Antonio Gualberto do Rosario,Praia,329,Escudo,http://dbpedia.org/ontology/capital,http://dbpedia.org/ontology/language,http://dbpedia.org/ontology/currency,"['palmeira,_cape_verde', 'Palmeira,_Cape_Verde', 'Palmeira, Cape Verde', 'palmeira, cape verde']","http://dbpedia.org/resource/Palmeira,_Cape_Verde",0
Cape Verde,Portuguese,17,mag-76,Antonio Gualberto do Rosario,Praia,330,Escudo,http://dbpedia.org/ontology/capital,http://dbpedia.org/ontology/language,http://dbpedia.org/ontology/currency,"['cape', 'Cape']",http://dbpedia.org/resource/Cape,0
Cape Verde,Portuguese,18,giu-76,Antonio Gualberto do Rosario,Praia,331,Escudo,http://dbpedia.org/ontology/capital,http://dbpedia.org/ontology/language,http://dbpedia.org/ontology/currency,"['Cape to Cape', 'cape to cape', 'Cape_to_Cape', 'cape_to_cape']",http://dbpedia.org/resource/Cape_to_Cape,0
Cape Verde,Portuguese,19,lug-76,Antonio Gualberto do Rosario,Praia,332,Escudo,http://dbpedia.org/ontology/capital,http://dbpedia.org/ontology/language,http://dbpedia.org/ontology/currency,"['cape- atlantic league', 'Cape-Atlantic League', 'cape-atlantic league', 'Cape-Atlantic_League', 'cape-atlantic_league', 'Cape- Atlantic League']",http://dbpedia.org/resource/Cape-Atlantic_League,0
Cape Verde,Portuguese,20,ago-76,Antonio Gualberto do Rosario,Praia,333,Escudo,http://dbpedia.org/ontology/capital,http://dbpedia.org/ontology/language,http://dbpedia.org/ontology/currency,"['Cape to Cape Track', 'cape_to_cape_track', 'Cape_to_Cape_Track', 'cape to cape track']",http://dbpedia.org/resource/Cape_to_Cape_Track,0
Cape Verde,Portuguese,21,set-76,Antonio Gualberto do Rosario,Praia,334,Escudo,http://dbpedia.org/ontology/capital,http://dbpedia.org/ontology/language,http://dbpedia.org/ontology/currency,"['Cape_(writ)', 'Cape (writ)', 'cape (writ)', 'cape_(writ)']",http://dbpedia.org/resource/Cape_(writ),0
Cape Verde,Portuguese,22,ott-76,Antonio Gualberto do Rosario,Praia,335,Escudo,http://dbpedia.org/ontology/capital,http://dbpedia.org/ontology/language,http://dbpedia.org/ontology/currency,"['cape-pigeon_rocks', 'Cape-Pigeon Rocks', 'cape-pigeon rocks', 'cape- pigeon rocks', 'Cape-Pigeon_Rocks', 'Cape- Pigeon Rocks']",http://dbpedia.org/resource/Cape-Pigeon_Rocks,0
Cape Verde,Portuguese,23,nov-76,Antonio Gualberto do Rosario,Praia,336,Escudo,http://dbpedia.org/ontology/capital,http://dbpedia.org/ontology/language,http://dbpedia.org/ontology/currency,"['Point_Hope_(cape)', 'Point Hope (cape)', 'point hope (cape)', 'point_hope_(cape)']",http://dbpedia.org/resource/Point_Hope_(cape),0
Cape Verde,Portuguese,24,dic-76,Antonio Gualberto do Rosario,Praia,337,Escudo,http://dbpedia.org/ontology/capital,http://dbpedia.org/ontology/language,http://dbpedia.org/ontology/currency,"[""cape d'aguilar"", ""cape_d'aguilar"", ""Cape_D'Aguilar"", ""Cape D' Aguilar"", ""Cape D'Aguilar"", ""cape d' aguilar""]",http://dbpedia.org/resource/Cape_D'Aguilar,0
Cape Verde,Portuguese,25,gen-77,Antonio Gualberto do Rosario,Praia,338,Escudo,http://dbpedia.org/ontology/capital,http://dbpedia.org/ontology/language,http://dbpedia.org/ontology/currency,"[""Cape_d'Or"", ""Cape d' Or"", ""Cape d'Or"", ""cape d' or"", ""cape_d'or"", ""cape d'or""]",http://dbpedia.org/resource/Cape_d'Or,0
Cape Verde,Portuguese,26,feb-77,Antonio Gualberto do Rosario,Praia,339,Escudo,http://dbpedia.org/ontology/capital,http://dbpedia.org/ontology/language,http://dbpedia.org/ontology/currency,"['cape-class_maintenance_ship', 'Cape-class_maintenance_ship', 'Cape-class maintenance ship', 'cape-class maintenance ship']",http://dbpedia.org/resource/Cape-class_maintenance_ship,0
Central African Republic,French,41.2,ago-60,Anicet-Georges Dologuele,Bangui,662,CFA franc,http://dbpedia.org/ontology/capital,http://dbpedia.org/ontology/language,http://dbpedia.org/ontology/currency,"['central_african_republic', 'Central_African_Republic', 'central african republic', 'Central African Republic']",http://dbpedia.org/resource/Central_African_Republic,1
Central African Republic,French,42.2,set-60,Anicet-Georges Dologuele,Bangui,663,CFA franc,http://dbpedia.org/ontology/capital,http://dbpedia.org/ontology/language,http://dbpedia.org/ontology/currency,"['central african republic- china relations', 'Central African Republic- China relations', 'central african republic-china relations', 'Central African Republic-China relations', 'central_african_republic-china_relations', 'Central_African_Republic-China_relations']",http://dbpedia.org/resource/Central_African_Republic-China_relations,0
Central African Republic,French,43.2,ott-60,Anicet-Georges Dologuele,Bangui,664,CFA franc,http://dbpedia.org/ontology/capital,http://dbpedia.org/ontology/language,http://dbpedia.org/ontology/currency,"['civic forum ( central african republic)', 'civic forum (central african republic)', 'Civic Forum (Central African Republic)', 'Civic_Forum_(Central_African_Republic)', 'civic_forum_(central_african_republic)', 'Civic Forum ( Central African Republic)']",http://dbpedia.org/resource/Civic_Forum_(Central_African_Republic),0
Central African Republic,French,44.2,nov-60,Anicet-Georges Dologuele,Bangui,665,CFA franc,http://dbpedia.org/ontology/capital,http://dbpedia.org/ontology/language,http://dbpedia.org/ontology/currency,"['National Convention (Central African Republic)', 'national_convention_(central_african_republic)', 'national convention ( central african republic)', 'National Convention ( Central African Republic)', 'National_Convention_(Central_African_Republic)', 'national convention (central african republic)']",http://dbpedia.org/resource/National_Convention_(Central_African_Republic),0
Central African Republic,French,45.2,dic-60,Anicet-Georges Dologuele,Bangui,666,CFA franc,http://dbpedia.org/ontology/capital,http://dbpedia.org/ontology/language,http://dbpedia.org/ontology/currency,"['ngando language ( central african republic)', 'ngando_language_(central_african_republic)', 'Ngando language (Central African Republic)', 'ngando language (central african republic)', 'Ngando_language_(Central_African_Republic)', 'Ngando language ( Central African Republic)']",http://dbpedia.org/resource/Ngando_language_(Central_African_Republic),0
Central African Republic,French,46.2,gen-61,Anicet-Georges Dologuele,Bangui,667,CFA franc,http://dbpedia.org/ontology/capital,http://dbpedia.org/ontology/language,http://dbpedia.org/ontology/currency,"['National Assembly (Central African Republic)', 'National_Assembly_(Central_African_Republic)', 'national_assembly_(central_african_republic)', 'National Assembly ( Central African Republic)', 'national assembly (central african republic)', 'national assembly ( central african republic)']",http://dbpedia.org/resource/National_Assembly_(Central_African_Republic),0
Central African Republic,French,47.2,feb-61,Anicet-Georges Dologuele,Bangui,668,CFA franc,http://dbpedia.org/ontology/capital,http://dbpedia.org/ontology/language,http://dbpedia.org/ontology/currency,"['central african republic- united states relations', 'Central African Republic-United States relations', 'Central African Republic- United States relations', 'Central_African_Republic-United_States_relations', 'central african republic-united states relations', 'central_african_republic-united_states_relations']",http://dbpedia.org/resource/Central_African_Republic-United_States_relations,0
Central African Republic,French,48.2,mar-61,Anicet-Georges Dologuele,Bangui,669,CFA franc,http://dbpedia.org/ontology/capital,http://dbpedia.org/ontology/language,http://dbpedia.org/ontology/currency,"['Central African Republic-North Korea relations', 'central_african_republic-north_korea_relations', 'Central African Republic- North Korea relations', 'Central_African_Republic-North_Korea_relations', 'central african republic- north korea relations', 'central african republic-north korea relations']",http://dbpedia.org/resource/Central_African_Republic-North_Korea_relations,0
Central African Republic,French,49.2,apr-61,Anicet-Georges Dologuele,Bangui,670,CFA franc,http://dbpedia.org/ontology/capital,http://dbpedia.org/ontology/language,http://dbpedia.org/ontology/currency,"['order of merit (central african republic)', 'Order of Merit ( Central African Republic)', 'order_of_merit_(central_african_republic)', 'Order_of_Merit_(Central_African_Republic)', 'Order of Merit (Central African Republic)', 'order of merit ( central african republic)']",http://dbpedia.org/resource/Order_of_Merit_(Central_African_Republic),0
Central African Republic,French,50.2,mag-61,Anicet-Georges Dologuele,Bangui,671,CFA franc,http://dbpedia.org/ontology/capital,http://dbpedia.org/ontology/language,http://dbpedia.org/ontology/currency,"['Social Democratic Party (Central African Republic)', 'social democratic party (central african republic)', 'social_democratic_party_(central_african_republic)', 'social democratic party ( central african republic)', 'Social Democratic Party ( Central African Republic)', 'Social_Democratic_Party_(Central_African_Republic)']",http://dbpedia.org/resource/Social_Democratic_Party_(Central_African_Republic),0
Central African Republic,French,51.2,giu-61,Anicet-Georges Dologuele,Bangui,672,CFA franc,http://dbpedia.org/ontology/capital,http://dbpedia.org/ontology/language,http://dbpedia.org/ontology/currency,"['central african', 'Central_African', 'Central African', 'central_african']",http://dbpedia.org/resource/Central_African,0
Central African Republic,French,52.2,lug-61,Anicet-Georges Dologuele,Bangui,673,CFA franc,http://dbpedia.org/ontology/capital,http://dbpedia.org/ontology/language,http://dbpedia.org/ontology/currency,"['Central Africa', 'central africa', 'Central_Africa', 'central_africa']",http://dbpedia.org/resource/Central_Africa,0
Central African Republic,French,53.2,ago-61,Anicet-Georges Dologuele,Bangui,674,CFA franc,http://dbpedia.org/ontology/capital,http://dbpedia.org/ontology/language,http://dbpedia.org/ontology/currency,"['Central ! Kung', 'central ! kung', 'central !kung', 'central_!kung', 'Central_!Kung', 'Central !Kung']",http://dbpedia.org/resource/Central_!Kung,0
Central African Republic,French,54.2,set-61,Anicet-Georges Dologuele,Bangui,675,CFA franc,http://dbpedia.org/ontology/capital,http://dbpedia.org/ontology/language,http://dbpedia.org/ontology/currency,"['Central_(Hypermarket)', 'central (hypermarket)', 'Central (Hypermarket)', 'central ( hypermarket)', 'Central ( Hypermarket)', 'central_(hypermarket)']",http://dbpedia.org/resource/Central_(Hypermarket),0
Central African Republic,French,55.2,ott-61,Anicet-Georges Dologuele,Bangui,676,CFA franc,http://dbpedia.org/ontology/capital,http://dbpedia.org/ontology/language,http://dbpedia.org/ontology/currency,"['central house ( central, alaska)', 'Central_House_(Central,_Alaska)', 'central house (central, alaska)', 'Central House (Central, Alaska)', 'central_house_(central,_alaska)', 'Central House ( Central, Alaska)']","http://dbpedia.org/resource/Central_House_(Central,_Alaska)",0
Central African Republic,French,56.2,nov-61,Anicet-Georges Dologuele,Bangui,677,CFA franc,http://dbpedia.org/ontology/capital,http://dbpedia.org/ontology/language,http://dbpedia.org/ontology/currency,"['Central,_Minnesota', 'central,_minnesota', 'central, minnesota', 'Central, Minnesota']","http://dbpedia.org/resource/Central,_Minnesota",0
Central African Republic,French,57.2,dic-61,Anicet-Georges Dologuele,Bangui,678,CFA franc,http://dbpedia.org/ontology/capital,http://dbpedia.org/ontology/language,http://dbpedia.org/ontology/currency,"['central,_utah', 'central, utah', 'Central,_Utah', 'Central, Utah']","http://dbpedia.org/resource/Central,_Utah",0
Central African Republic,French,58.2,gen-62,Anicet-Georges Dologuele,Bangui,679,CFA franc,http://dbpedia.org/ontology/capital,http://dbpedia.org/ontology/language,http://dbpedia.org/ontology/currency,"['Central,_Minneapolis', 'central, minneapolis', 'central,_minneapolis', 'Central, Minneapolis']","http://dbpedia.org/resource/Central,_Minneapolis",0
Central African Republic,French,59.2,feb-62,Anicet-Georges Dologuele,Bangui,680,CFA franc,http://dbpedia.org/ontology/capital,http://dbpedia.org/ontology/language,http://dbpedia.org/ontology/currency,"['central, louisiana', 'Central, Louisiana', 'Central,_Louisiana', 'central,_louisiana']","http://dbpedia.org/resource/Central,_Louisiana",0
Central African Republic,French,60.2,mar-62,Anicet-Georges Dologuele,Bangui,681,CFA franc,http://dbpedia.org/ontology/capital,http://dbpedia.org/ontology/language,http://dbpedia.org/ontology/currency,"['central, alaska', 'Central,_Alaska', 'central,_alaska', 'Central, Alaska']","http://dbpedia.org/resource/Central,_Alaska",0
Central African Republic,French,61.2,apr-62,Anicet-Georges Dologuele,Bangui,682,CFA franc,http://dbpedia.org/ontology/capital,http://dbpedia.org/ontology/language,http://dbpedia.org/ontology/currency,"['Central, Cleveland', 'Central,_Cleveland', 'central, cleveland', 'central,_cleveland']","http://dbpedia.org/resource/Central,_Cleveland",0
Central African Republic,French,62.2,mag-62,Anicet-Georges Dologuele,Bangui,683,CFA franc,http://dbpedia.org/ontology/capital,http://dbpedia.org/ontology/language,http://dbpedia.org/ontology/currency,"['Central,_Indiana', 'central,_indiana', 'central, indiana', 'Central, Indiana']","http://dbpedia.org/resource/Central,_Indiana",0
Central African Republic,Sango,41.2,ago-60,Anicet-Georges Dologuele,Bangui,662,CFA franc,http://dbpedia.org/ontology/capital,http://dbpedia.org/ontology/language,http://dbpedia.org/ontology/currency,"['central_african_republic', 'Central_African_Republic', 'central african republic', 'Central African Republic']",http://dbpedia.org/resource/Central_African_Republic,1
Central African Republic,Sango,42.2,set-60,Anicet-Georges Dologuele,Bangui,663,CFA franc,http://dbpedia.org/ontology/capital,http://dbpedia.org/ontology/language,http://dbpedia.org/ontology/currency,"['central african republic- china relations', 'Central African Republic- China relations', 'central african republic-china relations', 'Central African Republic-China relations', 'central_african_republic-china_relations', 'Central_African_Republic-China_relations']",http://dbpedia.org/resource/Central_African_Republic-China_relations,0
Central African Republic,Sango,43.2,ott-60,Anicet-Georges Dologuele,Bangui,664,CFA franc,http://dbpedia.org/ontology/capital,http://dbpedia.org/ontology/language,http://dbpedia.org/ontology/currency,"['civic forum ( central african republic)', 'civic forum (central african republic)', 'Civic Forum (Central African Republic)', 'Civic_Forum_(Central_African_Republic)', 'civic_forum_(central_african_republic)', 'Civic Forum ( Central African Republic)']",http://dbpedia.org/resource/Civic_Forum_(Central_African_Republic),0
Central African Republic,Sango,44.2,nov-60,Anicet-Georges Dologuele,Bangui,665,CFA franc,http://dbpedia.org/ontology/capital,http://dbpedia.org/ontology/language,http://dbpedia.org/ontology/currency,"['National Convention (Central African Republic)', 'national_convention_(central_african_republic)', 'national convention ( central african republic)', 'National Convention ( Central African Republic)', 'National_Convention_(Central_African_Republic)', 'national convention (central african republic)']",http://dbpedia.org/resource/National_Convention_(Central_African_Republic),0
Central African Republic,Sango,45.2,dic-60,Anicet-Georges Dologuele,Bangui,666,CFA franc,http://dbpedia.org/ontology/capital,http://dbpedia.org/ontology/language,http://dbpedia.org/ontology/currency,"['ngando language ( central african republic)', 'ngando_language_(central_african_republic)', 'Ngando language (Central African Republic)', 'ngando language (central african republic)', 'Ngando_language_(Central_African_Republic)', 'Ngando language ( Central African Republic)']",http://dbpedia.org/resource/Ngando_language_(Central_African_Republic),0
Central African Republic,Sango,46.2,gen-61,Anicet-Georges Dologuele,Bangui,667,CFA franc,http://dbpedia.org/ontology/capital,http://dbpedia.org/ontology/language,http://dbpedia.org/ontology/currency,"['National Assembly (Central African Republic)', 'National_Assembly_(Central_African_Republic)', 'national_assembly_(central_african_republic)', 'National Assembly ( Central African Republic)', 'national assembly (central african republic)', 'national assembly ( central african republic)']",http://dbpedia.org/resource/National_Assembly_(Central_African_Republic),0
Central African Republic,Sango,47.2,feb-61,Anicet-Georges Dologuele,Bangui,668,CFA franc,http://dbpedia.org/ontology/capital,http://dbpedia.org/ontology/language,http://dbpedia.org/ontology/currency,"['central african republic- united states relations', 'Central African Republic-United States relations', 'Central African Republic- United States relations', 'Central_African_Republic-United_States_relations', 'central african republic-united states relations', 'central_african_republic-united_states_relations']",http://dbpedia.org/resource/Central_African_Republic-United_States_relations,0
Central African Republic,Sango,48.2,mar-61,Anicet-Georges Dologuele,Bangui,669,CFA franc,http://dbpedia.org/ontology/capital,http://dbpedia.org/ontology/language,http://dbpedia.org/ontology/currency,"['Central African Republic-North Korea relations', 'central_african_republic-north_korea_relations', 'Central African Republic- North Korea relations', 'Central_African_Republic-North_Korea_relations', 'central african republic- north korea relations', 'central african republic-north korea relations']",http://dbpedia.org/resource/Central_African_Republic-North_Korea_relations,0
Central African Republic,Sango,49.2,apr-61,Anicet-Georges Dologuele,Bangui,670,CFA franc,http://dbpedia.org/ontology/capital,http://dbpedia.org/ontology/language,http://dbpedia.org/ontology/currency,"['order of merit (central african republic)', 'Order of Merit ( Central African Republic)', 'order_of_merit_(central_african_republic)', 'Order_of_Merit_(Central_African_Republic)', 'Order of Merit (Central African Republic)', 'order of merit ( central african republic)']",http://dbpedia.org/resource/Order_of_Merit_(Central_African_Republic),0
Central African Republic,Sango,50.2,mag-61,Anicet-Georges Dologuele,Bangui,671,CFA franc,http://dbpedia.org/ontology/capital,http://dbpedia.org/ontology/language,http://dbpedia.org/ontology/currency,"['Social Democratic Party (Central African Republic)', 'social democratic party (central african republic)', 'social_democratic_party_(central_african_republic)', 'social democratic party ( central african republic)', 'Social Democratic Party ( Central African Republic)', 'Social_Democratic_Party_(Central_African_Republic)']",http://dbpedia.org/resource/Social_Democratic_Party_(Central_African_Republic),0
Central African Republic,Sango,51.2,giu-61,Anicet-Georges Dologuele,Bangui,672,CFA franc,http://dbpedia.org/ontology/capital,http://dbpedia.org/ontology/language,http://dbpedia.org/ontology/currency,"['central african', 'Central_African', 'Central African', 'central_african']",http://dbpedia.org/resource/Central_African,0
Central African Republic,Sango,52.2,lug-61,Anicet-Georges Dologuele,Bangui,673,CFA franc,http://dbpedia.org/ontology/capital,http://dbpedia.org/ontology/language,http://dbpedia.org/ontology/currency,"['Central Africa', 'central africa', 'Central_Africa', 'central_africa']",http://dbpedia.org/resource/Central_Africa,0
Central African Republic,Sango,53.2,ago-61,Anicet-Georges Dologuele,Bangui,674,CFA franc,http://dbpedia.org/ontology/capital,http://dbpedia.org/ontology/language,http://dbpedia.org/ontology/currency,"['Central ! Kung', 'central ! kung', 'central !kung', 'central_!kung', 'Central_!Kung', 'Central !Kung']",http://dbpedia.org/resource/Central_!Kung,0
Central African Republic,Sango,54.2,set-61,Anicet-Georges Dologuele,Bangui,675,CFA franc,http://dbpedia.org/ontology/capital,http://dbpedia.org/ontology/language,http://dbpedia.org/ontology/currency,"['Central_(Hypermarket)', 'central (hypermarket)', 'Central (Hypermarket)', 'central ( hypermarket)', 'Central ( Hypermarket)', 'central_(hypermarket)']",http://dbpedia.org/resource/Central_(Hypermarket),0
Central African Republic,Sango,55.2,ott-61,Anicet-Georges Dologuele,Bangui,676,CFA franc,http://dbpedia.org/ontology/capital,http://dbpedia.org/ontology/language,http://dbpedia.org/ontology/currency,"['central house ( central, alaska)', 'Central_House_(Central,_Alaska)', 'central house (central, alaska)', 'Central House (Central, Alaska)', 'central_house_(central,_alaska)', 'Central House ( Central, Alaska)']","http://dbpedia.org/resource/Central_House_(Central,_Alaska)",0
Central African Republic,Sango,56.2,nov-61,Anicet-Georges Dologuele,Bangui,677,CFA franc,http://dbpedia.org/ontology/capital,http://dbpedia.org/ontology/language,http://dbpedia.org/ontology/currency,"['Central,_Minnesota', 'central,_minnesota', 'central, minnesota', 'Central, Minnesota']","http://dbpedia.org/resource/Central,_Minnesota",0
Central African Republic,Sango,57.2,dic-61,Anicet-Georges Dologuele,Bangui,678,CFA franc,http://dbpedia.org/ontology/capital,http://dbpedia.org/ontology/language,http://dbpedia.org/ontology/currency,"['central,_utah', 'central, utah', 'Central,_Utah', 'Central, Utah']","http://dbpedia.org/resource/Central,_Utah",0
Central African Republic,Sango,58.2,gen-62,Anicet-Georges Dologuele,Bangui,679,CFA franc,http://dbpedia.org/ontology/capital,http://dbpedia.org/ontology/language,http://dbpedia.org/ontology/currency,"['Central,_Minneapolis', 'central, minneapolis', 'central,_minneapolis', 'Central, Minneapolis']","http://dbpedia.org/resource/Central,_Minneapolis",0
Central African Republic,Sango,59.2,feb-62,Anicet-Georges Dologuele,Bangui,680,CFA franc,http://dbpedia.org/ontology/capital,http://dbpedia.org/ontology/language,http://dbpedia.org/ontology/currency,"['central, louisiana', 'Central, Louisiana', 'Central,_Louisiana', 'central,_louisiana']","http://dbpedia.org/resource/Central,_Louisiana",0
Central African Republic,Sango,60.2,mar-62,Anicet-Georges Dologuele,Bangui,681,CFA franc,http://dbpedia.org/ontology/capital,http://dbpedia.org/ontology/language,http://dbpedia.org/ontology/currency,"['central, alaska', 'Central,_Alaska', 'central,_alaska', 'Central, Alaska']","http://dbpedia.org/resource/Central,_Alaska",0
Central African Republic,Sango,61.2,apr-62,Anicet-Georges Dologuele,Bangui,682,CFA franc,http://dbpedia.org/ontology/capital,http://dbpedia.org/ontology/language,http://dbpedia.org/ontology/currency,"['Central, Cleveland', 'Central,_Cleveland', 'central, cleveland', 'central,_cleveland']","http://dbpedia.org/resource/Central,_Cleveland",0
Central African Republic,Sango,62.2,mag-62,Anicet-Georges Dologuele,Bangui,683,CFA franc,http://dbpedia.org/ontology/capital,http://dbpedia.org/ontology/language,http://dbpedia.org/ontology/currency,"['Central,_Indiana', 'central,_indiana', 'central, indiana', 'Central, Indiana']","http://dbpedia.org/resource/Central,_Indiana",0
